site_pcode,New_build09,Removal09,New_buil_10,Removal_10,New_buil_11,Removal_11,New_buil_12,Removal_12,New_buil_13,Removal_13,T_newbuild,buildens,y_2008,y_2009,Pcode,Locality,State,Comments,DeliveryOf,PresortInd,ParcelZone,BSPnumber,BSPname,Category,water_d,pc_area,Tree_area,treecover
3000,154,2,258,6,96,6,172,1,187,4,867,247.01,308,282,3000,MELBOURNE,VIC,,CITY DELIVERY CENTRE,313,V1,22,MELBOURNE CITY,Delivery Area,-0.08442,3.51,79803.36,0.0227
3002,21,1,31,0,8,2,13,2,14,1,87,47.03,327,305,3002,EAST MELBOURNE,VIC,,CITY DELIVERY CENTRE,313,V1,22,MELBOURNE CITY,Delivery Area,-0.06728,1.85,508110.05,0.2747
3004,0,0,28,1,13,1,12,1,11,0,64,64,290,278,3004,MELBOURNE,VIC,,CITY DELIVERY CENTRE,313,V1,22,MELBOURNE CITY,Delivery Area,-0.04138,1,22404.67,0.0224
3006,36,0,31,0,32,0,17,0,20,0,136,79.07,271,262,3006,SOUTH WHARF,VIC,,SOUTH MELBOURNE DC,316,V1,26,MOORABBIN,Delivery Area,-0.03321,1.72,27320.27,0.0159
3011,56,1,112,2,71,1,42,0,74,0,355,59.46,412,393,3011,FOOTSCRAY,VIC,,WESTERN DC,314,V1,23,FOOTSCRAY,Delivery Area,-0.04612,5.97,0,0
3012,119,3,128,1,117,0,90,2,111,2,565,37.52,395,377,3012,BROOKLYN,VIC,,WESTERN DC,314,V1,23,FOOTSCRAY,Delivery Area,-0.04557,15.06,17100.38,0.0011
3013,64,3,71,0,70,0,76,1,72,1,353,62.81,385,366,3013,YARRAVILLE,VIC,,WESTERN DC,314,V1,23,FOOTSCRAY,Delivery Area,-0.04935,5.62,18900.31,0.0034
3015,82,1,125,0,102,3,95,1,91,1,495,55.68,403,373,3015,NEWPORT,VIC,,WESTERN DC,314,V1,23,FOOTSCRAY,Delivery Area,-0.07444,8.89,0,0
3016,86,1,121,2,90,0,94,0,82,0,473,64.62,432,402,3016,WILLIAMSTOWN,VIC,,WESTERN DC,314,V1,23,FOOTSCRAY,Delivery Area,-0.06944,7.32,50400.27,0.0069
3018,79,2,97,1,95,3,66,2,85,1,422,23.75,404,373,3018,ALTONA,VIC,,WESTERN DC,314,V1,23,FOOTSCRAY,Delivery Area,-0.07673,17.77,63719.81,0.0036
3019,70,0,67,1,39,3,46,0,44,2,266,61.57,468,433,3019,BRAYBROOK,VIC,,WESTERN DC,314,V1,23,FOOTSCRAY,Delivery Area,-0.07479,4.32,0,0
3020,248,2,274,1,277,6,180,0,220,3,1199,48.98,456,432,3020,ALBION,VIC,,WESTERN DC,314,V1,23,FOOTSCRAY,Delivery Area,-0.05263,24.48,202341.55,0.0083
3021,150,6,217,2,143,4,108,1,140,1,758,39.77,494,458,3021,ALBANVALE,VIC,,ST ALBANS DC,315,V1,30,HAWTHORN,Delivery Area,-0.07287,19.06,2716.3,0.0001
3022,12,0,20,1,18,1,17,0,14,0,81,38.57,438,403,3022,ARDEER,VIC,,SUNSHINE DC,314,V1,23,FOOTSCRAY,Delivery Area,-0.07991,2.1,68825.56,0.0328
3023,1636,1,980,1,680,2,334,0,292,1,3922,152.55,469,455,3023,BURNSIDE,VIC,,WESTERN DC,314,V1,23,FOOTSCRAY,Delivery Area,-0.02985,25.71,0,0
3024,679,0,730,0,632,1,333,0,218,1,2592,10.44,456,432,3024,MAMBOURIN,VIC,,HOPPERS CROSSING DC,314,V1,24,MELB NORTH WEST,Delivery Area,-0.05263,248.2,233409.81,0.0009
3025,72,0,70,1,59,1,60,2,82,1,343,24.31,471,433,3025,ALTONA EAST,VIC,PO Boxes,WESTERN DC,314,V1,23,FOOTSCRAY,Delivery Area,-0.08068,14.11,65700.63,0.0047
3028,121,1,116,2,77,1,65,1,90,2,469,24.66,467,441,3028,ALTONA MEADOWS,VIC,,HOPPERS CROSSING DC,314,V1,24,MELB NORTH WEST,Delivery Area,-0.05567,19.02,23855.36,0.0013
3029,2143,1,2282,4,1472,4,1012,2,1082,8,7991,262.43,495,473,3029,HOPPERS CROSSING,VIC,,HOPPERS CROSSING DC,314,V1,24,MELB NORTH WEST,Delivery Area,-0.04444,30.45,2259.96,0.0001
3030,2269,3,2962,4,1896,3,1165,3,1102,4,9394,54.04,474,450,3030,COCOROC,VIC,,HOPPERS CROSSING DC,314,V1,24,MELB NORTH WEST,Delivery Area,-0.05063,173.82,566138.77,0.0033
3031,38,0,53,2,48,0,20,0,31,0,190,37.7,362,345,3031,FLEMINGTON,VIC,,AIRPORT WEST DC,314,V1,23,FOOTSCRAY,Delivery Area,-0.04696,5.04,55581.66,0.011
3032,148,0,227,3,113,0,98,1,141,0,727,74.79,442,416,3032,ASCOT VALE,VIC,,AIRPORT WEST DC,314,V1,23,FOOTSCRAY,Delivery Area,-0.05882,9.72,89356.93,0.0092
3033,104,1,114,0,103,0,132,0,103,1,556,53,480,443,3033,KEILOR EAST,VIC,,AIRPORT WEST DC,314,V1,23,FOOTSCRAY,Delivery Area,-0.07708,10.49,110374.72,0.0105
3034,38,0,43,0,50,1,45,0,46,0,222,41.04,503,463,3034,AVONDALE HEIGHTS,VIC,,AIRPORT WEST DC,314,V1,23,FOOTSCRAY,Delivery Area,-0.07952,5.41,123937.09,0.0229
3036,20,0,37,0,32,0,31,0,20,0,140,8.53,590,539,3036,KEILOR,VIC,,AIRPORT WEST DC,314,V1,23,FOOTSCRAY,Delivery Area,-0.08644,16.42,449611.48,0.0274
3037,498,1,406,2,386,2,329,0,309,0,1928,96.16,535,509,3037,CALDER PARK,VIC,,ST ALBANS DC,315,V1,30,HAWTHORN,Delivery Area,-0.0486,20.05,0,0
3038,100,1,126,1,88,0,58,4,85,1,457,34.31,593,552,3038,KEILOR DOWNS,VIC,,ST ALBANS DC,315,V1,30,HAWTHORN,Delivery Area,-0.06914,13.32,0,0
3039,64,0,76,0,64,0,67,1,71,0,342,75.83,423,395,3039,MOONEE PONDS,VIC,,AIRPORT WEST DC,314,V1,23,FOOTSCRAY,Delivery Area,-0.06619,4.51,0,0
3040,165,5,204,2,166,3,155,2,176,3,866,101.05,451,426,3040,ABERFELDIE,VIC,,AIRPORT WEST DC,314,V1,23,FOOTSCRAY,Delivery Area,-0.05543,8.57,51537.19,0.006
3041,77,0,101,1,79,3,78,2,73,0,408,49.88,468,445,3041,ESSENDON FIELDS,VIC,,AIRPORT WEST DC,314,V1,23,FOOTSCRAY,Delivery Area,-0.04915,8.18,11661.49,0.0014
3042,156,4,130,2,140,3,104,1,126,0,656,73.63,443,410,3042,AIRPORT WEST,VIC,,AIRPORT WEST DC,314,V1,23,FOOTSCRAY,Delivery Area,-0.07449,8.91,135302.5,0.0152
3043,96,0,99,0,84,0,28,2,70,1,377,13.7,433,410,3043,GLADSTONE PARK,VIC,,AIRPORT WEST DC,314,V1,23,FOOTSCRAY,Delivery Area,-0.05312,27.52,651019.28,0.0237
3044,121,3,149,1,142,1,124,4,131,5,667,84.32,410,393,3044,PASCOE VALE,VIC,,AIRPORT WEST DC,314,V1,23,FOOTSCRAY,Delivery Area,-0.04146,7.91,45749.23,0.0058
3046,140,6,201,7,156,8,174,2,171,5,842,60.06,428,414,3046,GLENROY,VIC,,AIRPORT WEST DC,314,V1,23,FOOTSCRAY,Delivery Area,-0.03271,14.02,43615.06,0.0031
3047,78,9,108,5,104,6,84,2,97,1,471,39.02,524,508,3047,BROADMEADOWS,VIC,,SOMERTON DC,314,V1,24,MELB NORTH WEST,Delivery Area,-0.03053,12.07,25200.3,0.0021
3048,42,4,42,4,43,2,42,6,48,8,217,28.33,557,535,3048,COOLAROO,VIC,,SOMERTON DC,314,V1,24,MELB NORTH WEST,Delivery Area,-0.0395,7.66,0,0
3049,80,0,91,1,63,1,51,0,61,0,346,43.2,528,498,3049,ATTWOOD,VIC,,AIRPORT WEST DC,314,V1,23,FOOTSCRAY,Delivery Area,-0.05682,8.01,36900.34,0.0046
3051,72,0,83,1,29,1,28,0,17,1,229,97.45,433,392,3051,HOTHAM HILL,VIC,PO Boxes,CITY DELIVERY CENTRE,313,V1,22,MELBOURNE CITY,Delivery Area,-0.09469,2.35,12376.92,0.0053
3052,97,0,45,0,29,1,24,0,24,0,219,64.99,422,393,3052,MELBOURNE UNIVERSITY,VIC,PO Boxes,CITY DELIVERY CENTRE,314,V1,25,PRESTON,Delivery Area,-0.06872,3.37,114026.47,0.0338
3053,24,0,60,0,21,0,25,0,41,1,171,97.71,339,329,3053,CARLTON,VIC,,CITY DELIVERY CENTRE,314,V1,25,PRESTON,Delivery Area,-0.0295,1.75,148023.2,0.0846
3054,13,0,19,0,7,0,9,0,13,0,61,26.52,384,367,3054,CARLTON NORTH,VIC,,CITY DELIVERY CENTRE,314,V1,25,PRESTON,Delivery Area,-0.04427,2.3,40223.48,0.0175
3055,26,0,30,0,37,2,26,0,26,0,145,45.6,358,356,3055,BRUNSWICK SOUTH,VIC,PO Boxes,Preston DC,314,V1,25,PRESTON,Delivery Area,-0.00559,3.18,2238.74,0.0007
3056,74,1,104,0,68,2,80,4,79,0,405,78.49,362,352,3056,BRUNSWICK,VIC,,Preston DC,314,V1,25,PRESTON,Delivery Area,-0.02762,5.16,0,0
3057,22,0,31,0,23,2,29,0,35,0,140,65.12,359,344,3057,BRUNSWICK EAST,VIC,,Preston DC,314,V1,25,PRESTON,Delivery Area,-0.04178,2.15,20699.3,0.0096
3058,113,3,125,2,98,4,179,1,222,8,737,62.09,422,408,3058,BATMAN,VIC,PO Boxes,Preston DC,314,V1,25,PRESTON,Delivery Area,-0.03318,11.87,35100.61,0.003
3059,145,0,124,1,147,1,193,0,344,1,953,12.55,677,652,3059,GREENVALE,VIC,,SOMERTON DC,314,V1,24,MELB NORTH WEST,Delivery Area,-0.03693,75.93,791108.28,0.0104
3060,56,0,50,2,57,2,59,1,47,1,269,52.85,473,460,3060,FAWKNER,VIC,,Preston DC,314,V1,25,PRESTON,Delivery Area,-0.02748,5.09,0,0
3061,37,1,50,0,46,1,37,0,34,2,204,16.41,544,528,3061,CAMPBELLFIELD,VIC,,SOMERTON DC,314,V1,24,MELB NORTH WEST,Delivery Area,-0.02941,12.43,20743.67,0.0017
3064,1143,2,1158,2,997,0,1180,4,1069,3,5547,52.75,499,482,3064,CRAIGIEBURN,VIC,,SOMERTON DC,314,V1,24,MELB NORTH WEST,Delivery Area,-0.03407,105.15,222228.57,0.0021
3065,45,1,49,3,20,2,13,0,19,0,146,104.29,365,345,3065,FITZROY,VIC,,CITY MAIL PROCESSING CENTRE,314,V1,25,PRESTON,Delivery Area,-0.05479,1.4,0,0
3066,14,0,32,0,24,0,20,1,26,1,116,89.92,427,373,3066,COLLINGWOOD,VIC,,CITY MAIL PROCESSING CENTRE,314,V1,25,PRESTON,Delivery Area,-0.12646,1.29,0,0
3067,18,0,32,0,27,0,37,0,37,0,151,84.36,356,347,3067,ABBOTSFORD,VIC,,CITY MAIL PROCESSING CENTRE,314,V1,25,PRESTON,Delivery Area,-0.02528,1.79,38496.07,0.0215
3068,36,1,60,0,52,2,33,1,42,1,223,53.61,370,346,3068,CLIFTON HILL,VIC,,Preston DC,314,V1,25,PRESTON,Delivery Area,-0.06486,4.16,74871.1,0.018
3070,90,0,92,0,73,1,113,0,107,2,475,75.76,382,366,3070,NORTHCOTE,VIC,,Preston DC,314,V1,25,PRESTON,Delivery Area,-0.04188,6.27,22332.94,0.0036
3071,45,1,73,0,58,0,50,2,62,1,288,57.6,367,354,3071,THORNBURY,VIC,,Preston DC,314,V1,25,PRESTON,Delivery Area,-0.03542,5,0,0
3072,135,6,144,3,118,9,103,5,132,4,632,55.88,416,401,3072,GILBERTON,VIC,PO Boxes,Preston DC,314,V1,25,PRESTON,Delivery Area,-0.03606,11.31,0,0
3073,206,4,234,10,218,10,164,7,195,17,1017,52.53,436,413,3073,KEON PARK,VIC,PO Boxes,Preston DC,314,V1,25,PRESTON,Delivery Area,-0.05275,19.36,26100.36,0.0013
3074,57,1,62,1,89,0,76,1,64,1,348,23.63,523,491,3074,THOMASTOWN,VIC,,EPPING DC,316,V1,29,RINGWOOD,Delivery Area,-0.06119,14.73,4226.79,0.0003
3075,125,1,342,2,220,1,219,0,184,2,1090,171.38,513,483,3075,LALOR,VIC,,EPPING DC,316,V1,29,RINGWOOD,Delivery Area,-0.05848,6.36,0,0
3076,691,2,788,4,434,0,358,2,289,2,2560,50.17,528,493,3076,EPPING,VIC,,EPPING DC,316,V1,29,RINGWOOD,Delivery Area,-0.06629,51.03,31807.62,0.0006
3078,58,0,63,1,56,2,48,0,70,2,295,47.43,365,341,3078,ALPHINGTON,VIC,,Preston DC,314,V1,25,PRESTON,Delivery Area,-0.06575,6.22,375675.24,0.0604
3079,77,2,105,0,96,3,70,2,102,2,450,60.98,453,426,3079,IVANHOE,VIC,,HEIDELBERG WEST DC,315,V1,30,HAWTHORN,Delivery Area,-0.0596,7.38,484113.96,0.0656
3081,46,6,68,4,60,5,68,8,88,6,330,49.33,410,400,3081,BELLFIELD,VIC,Heidelberg West,HEIDELBERG WEST DC,315,V1,30,HAWTHORN,Delivery Area,-0.02439,6.69,0,0
3082,93,1,103,2,64,1,66,2,72,4,398,30.43,530,498,3082,MILL PARK,VIC,,EPPING DC,316,V1,29,RINGWOOD,Delivery Area,-0.06038,13.08,703627.18,0.0538
3083,203,0,261,2,215,1,194,3,237,0,1110,71.15,461,440,3083,BUNDOORA,VIC,,BUNDOORA DC,314,V1,25,PRESTON,Delivery Area,-0.04555,15.6,658915.34,0.0422
3084,98,0,131,3,89,2,125,2,126,2,569,44.31,436,413,3084,BANYULE,VIC,PO Boxes,HEIDELBERG WEST DC,315,V1,30,HAWTHORN,Delivery Area,-0.05275,12.84,658812.85,0.0513
3085,85,0,77,0,53,0,53,1,53,0,321,41.58,411,389,3085,MACLEOD,VIC,,HEIDELBERG WEST DC,315,V1,30,HAWTHORN,Delivery Area,-0.05353,7.72,853762.62,0.1106
3087,19,2,37,1,25,1,36,1,28,0,145,37.47,404,385,3087,WATSONIA,VIC,,BUNDOORA DC,314,V1,25,PRESTON,Delivery Area,-0.04703,3.87,25184.42,0.0065
3088,125,4,151,0,104,1,127,0,105,1,612,45.71,444,422,3088,BRIAR HILL,VIC,,BUNDOORA DC,314,V1,25,PRESTON,Delivery Area,-0.04955,13.39,2182160.53,0.163
3089,111,2,126,1,80,1,78,0,73,1,468,43.94,511,489,3089,DIAMOND CREEK,VIC,,DIAMOND CREEK DC,314,V1,24,MELB NORTH WEST,Delivery Area,-0.04305,10.65,2072709.8,0.1946
3093,29,0,24,0,25,0,21,0,21,0,120,17.32,559,517,3093,LOWER PLENTY,VIC,,BUNDOORA DC,314,V1,25,PRESTON,Delivery Area,-0.07513,6.93,1216280.22,0.1755
3094,46,0,47,0,42,0,39,0,41,1,215,57.33,405,384,3094,MONTMORENCY,VIC,,BUNDOORA DC,314,V1,25,PRESTON,Delivery Area,-0.05185,3.75,1349337.41,0.3598
3095,133,0,167,1,109,0,115,0,139,5,663,19.3,522,495,3095,ELTHAM,VIC,,RESEARCH DC,314,V1,24,MELB NORTH WEST,Delivery Area,-0.05172,34.36,17721593.11,0.5158
3099,47,0,62,0,46,1,29,0,24,0,208,2.21,504,493,3099,ARTHURS CREEK,VIC,,DIAMOND CREEK DC,314,V1,24,MELB NORTH WEST,Delivery Area,-0.02183,94.2,38615881.88,0.4099
3101,178,1,237,1,151,2,173,1,223,1,962,91.79,501,481,3101,COTHAM,VIC,PO Boxes,DEEPDENE DC,315,V1,30,HAWTHORN,Delivery Area,-0.03992,10.48,1173727,0.112
3102,31,1,51,0,42,0,42,0,47,1,213,52.85,443,422,3102,KEW EAST,VIC,,DEEPDENE DC,315,V1,30,HAWTHORN,Delivery Area,-0.0474,4.03,220732.01,0.0548
3103,94,0,172,1,108,4,113,1,151,1,638,114.75,480,460,3103,BALWYN,VIC,,DEEPDENE DC,315,V1,30,HAWTHORN,Delivery Area,-0.04167,5.56,132935.16,0.0239
3104,138,2,188,2,114,1,138,0,145,1,723,80.87,504,474,3104,BALWYN NORTH,VIC,,DEEPDENE DC,315,V1,30,HAWTHORN,Delivery Area,-0.05952,8.94,72395.41,0.0081
3105,42,0,54,1,45,2,40,1,58,1,239,35.89,462,422,3105,BULLEEN,VIC,,TEMPLESTOWE DC,316,V1,29,RINGWOOD,Delivery Area,-0.08658,6.66,186646.67,0.028
3106,74,2,81,1,69,0,61,0,58,0,343,23.1,619,570,3106,TEMPLESTOWE,VIC,,TEMPLESTOWE DC,316,V1,29,RINGWOOD,Delivery Area,-0.07916,14.85,1683427.08,0.1134
3107,44,1,51,0,58,1,47,0,46,0,246,40.86,477,443,3107,TEMPLESTOWE LOWER,VIC,,TEMPLESTOWE DC,316,V1,29,RINGWOOD,Delivery Area,-0.07128,6.02,367107.52,0.061
3108,80,2,106,2,81,1,66,0,71,1,404,45.44,437,411,3108,DONCASTER,VIC,,TEMPLESTOWE DC,316,V1,29,RINGWOOD,Delivery Area,-0.0595,8.89,418813.56,0.0471
3109,98,4,127,2,82,0,80,0,90,1,477,43.64,463,430,3109,DONCASTER EAST,VIC,,TEMPLESTOWE DC,316,V1,29,RINGWOOD,Delivery Area,-0.07127,10.93,516626.88,0.0473
3111,56,0,77,0,55,0,40,1,58,0,286,23.99,527,484,3111,DONVALE,VIC,,TEMPLESTOWE DC,316,V1,29,RINGWOOD,Delivery Area,-0.08159,11.92,4630127.7,0.3884
3113,46,0,62,0,63,1,45,0,50,0,266,11.21,594,554,3113,NORTH WARRANDYTE,VIC,,MOOROOLBARK DC,316,V1,29,RINGWOOD,Delivery Area,-0.06734,23.72,13547046.83,0.5711
3114,37,0,37,2,39,0,25,0,38,0,176,24.18,642,608,3114,PARK ORCHARDS,VIC,,MOOROOLBARK DC,316,V1,29,RINGWOOD,Delivery Area,-0.05296,7.28,4968876.39,0.6825
3115,31,0,46,0,51,0,42,0,28,0,198,7.23,666,627,3115,WONGA PARK,VIC,,MOOROOLBARK DC,316,V1,29,RINGWOOD,Delivery Area,-0.05856,27.37,12886578.99,0.4708
3116,55,3,72,0,74,0,47,0,59,0,307,11.95,474,445,3116,CHIRNSIDE PARK,VIC,,MOOROOLBARK DC,316,V1,29,RINGWOOD,Delivery Area,-0.06118,25.69,452839.29,0.0176
3121,101,2,133,0,102,3,121,2,115,2,572,92.11,365,334,3121,BURNLEY,VIC,,RICHMOND DC,316,V1,26,MOORABBIN,Delivery Area,-0.08493,6.21,15300.13,0.0025
3122,94,0,126,1,99,0,100,1,106,1,525,92.59,431,413,3122,AUBURN SOUTH,VIC,PO Boxes,HAWTHORN DC,315,V1,30,HAWTHORN,Delivery Area,-0.04176,5.67,71100.52,0.0125
3123,49,0,82,0,67,0,56,1,79,0,333,86.95,444,426,3123,AUBURN,VIC,PO Boxes,HAWTHORN DC,315,V1,30,HAWTHORN,Delivery Area,-0.04054,3.83,161564.53,0.0422
3124,105,1,166,0,150,1,137,1,169,1,727,100.55,487,465,3124,CAMBERWELL,VIC,,DEEPDENE DC,315,V1,30,HAWTHORN,Delivery Area,-0.04517,7.23,140135.89,0.0194
3125,50,0,92,0,162,1,106,1,70,0,480,79.21,446,426,3125,BENNETTSWOOD,VIC,PO Boxes,BURWOOD DC,315,V1,30,HAWTHORN,Delivery Area,-0.04484,6.06,121501.64,0.02
3126,52,0,83,0,66,1,41,0,70,0,312,102.97,581,542,3126,CAMBERWELL EAST,VIC,PO Boxes,DEEPDENE DC,315,V1,30,HAWTHORN,Delivery Area,-0.06713,3.03,120655.24,0.0398
3127,106,1,137,0,120,3,113,1,115,0,591,97.04,453,429,3127,MONT ALBERT,VIC,,BOX HILL DC,315,V1,28,FERNTREE GULLY,Delivery Area,-0.05298,6.09,174672.01,0.0287
3128,88,3,133,1,109,1,123,1,114,3,567,81.35,397,383,3128,BOX HILL,VIC,,BOX HILL DC,315,V1,28,FERNTREE GULLY,Delivery Area,-0.03526,6.97,35100.56,0.005
3129,72,1,106,0,75,2,74,1,95,0,422,68.84,390,370,3129,BOX HILL NORTH,VIC,,BOX HILL DC,315,V1,28,FERNTREE GULLY,Delivery Area,-0.05128,6.13,107658.68,0.0176
3130,163,4,207,6,202,0,168,3,183,6,923,75.72,399,378,3130,BLACKBURN,VIC,,NUNAWADING DC,315,V1,28,FERNTREE GULLY,Delivery Area,-0.05263,12.19,2138299.48,0.1754
3131,103,2,128,1,100,4,101,3,123,5,555,61.46,386,363,3131,BRENTFORD SQUARE,VIC,PO Boxes,NUNAWADING DC,315,V1,28,FERNTREE GULLY,Delivery Area,-0.05959,9.03,813471.53,0.0901
3132,60,2,102,3,104,1,91,1,75,2,432,63.34,371,348,3132,MITCHAM,VIC,,NUNAWADING DC,315,V1,28,FERNTREE GULLY,Delivery Area,-0.06199,6.82,1490595.13,0.2186
3133,68,3,90,2,79,0,73,0,80,2,390,36.31,448,418,3133,VERMONT,VIC,,NUNAWADING DC,315,V1,28,FERNTREE GULLY,Delivery Area,-0.06696,10.74,1222014.36,0.1138
3134,147,2,193,2,167,3,171,3,211,0,889,46.35,415,392,3134,HEATHWOOD,VIC,PO Boxes,HEATHWOOD LPO,316,V1,29,RINGWOOD,Delivery Area,-0.05542,19.18,4670033.41,0.2435
3135,90,2,126,2,87,1,86,1,133,0,522,57.17,361,345,3135,BEDFORD ROAD,VIC,PO Boxes,MOOROOLBARK DC,316,V1,29,RINGWOOD,Delivery Area,-0.04432,9.13,3338631.91,0.3657
3136,249,6,344,4,307,1,380,3,375,4,1655,72.24,400,377,3136,CROYDON,VIC,,MOOROOLBARK DC,316,V1,29,RINGWOOD,Delivery Area,-0.0575,22.91,4485095.39,0.1958
3137,135,2,120,0,117,6,108,1,105,2,585,47.25,415,388,3137,KILSYTH,VIC,,MOOROOLBARK DC,316,V1,29,RINGWOOD,Delivery Area,-0.06506,12.38,1887296.14,0.1524
3138,226,1,241,1,187,3,164,0,177,1,995,74.64,440,413,3138,MOOROOLBARK,VIC,,MOOROOLBARK DC,316,V1,29,RINGWOOD,Delivery Area,-0.06136,13.33,2628750.24,0.1972
3139,109,2,128,3,105,3,78,0,104,1,524,2.15,478,465,3139,BEENAK,VIC,,WARBURTON,316,V1,29,RINGWOOD,Delivery Area,-0.0272,243.63,108200000,0.4441
3140,177,0,190,1,147,0,117,0,137,0,768,29.16,429,402,3140,LILYDALE,VIC,,MOOROOLBARK DC,316,V1,29,RINGWOOD,Delivery Area,-0.06294,26.34,6326295.16,0.2402
3141,81,0,103,1,55,1,54,0,69,2,362,71.83,370,362,3141,CHAPEL STREET NORTH,VIC,PO Boxes,RICHMOND DC,316,V1,26,MOORABBIN,Delivery Area,-0.02162,5.04,1298143.61,0.2576
3142,88,0,102,0,73,1,89,0,73,0,425,97.93,648,631,3142,HAWKSBURN,VIC,PO Boxes,RICHMOND DC,316,V1,26,MOORABBIN,Delivery Area,-0.02623,4.34,203636,0.0469
3143,36,0,52,0,44,0,43,1,37,0,212,97.25,439,420,3143,ARMADALE,VIC,,HAWTHORN DC,315,V1,30,HAWTHORN,Delivery Area,-0.04328,2.18,31211.19,0.0143
3144,59,3,78,1,74,1,70,1,58,0,339,99.12,546,527,3144,KOOYONG,VIC,,HAWTHORN DC,315,V1,30,HAWTHORN,Delivery Area,-0.0348,3.42,40553.28,0.0119
3145,116,2,159,1,110,1,129,1,131,2,645,73.21,467,447,3145,CAULFIELD EAST,VIC,,MOUNT WAVERLEY MDC,315,V1,27,MULGRAVE,Delivery Area,-0.04283,8.81,13759.24,0.0016
3146,149,1,184,2,171,2,130,1,149,3,783,93.44,451,430,3146,GLEN IRIS,VIC,,BURWOOD DC,315,V1,30,HAWTHORN,Delivery Area,-0.04656,8.38,88418.84,0.0106
3147,102,2,135,2,116,2,80,0,132,2,565,102.91,420,407,3147,ASHBURTON,VIC,,BURWOOD DC,315,V1,30,HAWTHORN,Delivery Area,-0.03095,5.49,68318.09,0.0124
3148,48,2,87,0,47,0,42,1,54,1,278,88.82,419,407,3148,CHADSTONE,VIC,,MOUNT WAVERLEY MDC,315,V1,27,MULGRAVE,Delivery Area,-0.02864,3.13,25724.14,0.0082
3149,171,1,253,6,175,2,213,4,188,4,1000,62.81,419,399,3149,MOUNT WAVERLEY,VIC,,MOUNT WAVERLEY MDC,315,V1,27,MULGRAVE,Delivery Area,-0.04773,15.92,969421.42,0.0609
3150,246,5,281,1,239,4,222,3,300,5,1288,47.37,463,435,3150,BRANDON PARK,VIC,PO Boxes,MOUNT WAVERLEY MDC,315,V1,27,MULGRAVE,Delivery Area,-0.06048,27.19,1057060,0.0389
3151,33,1,23,0,38,1,34,4,27,2,155,36.13,433,413,3151,BURWOOD EAST,VIC,,BURWOOD DC,315,V1,30,HAWTHORN,Delivery Area,-0.04619,4.29,22951.63,0.0054
3152,97,5,146,3,209,1,188,4,138,2,778,35.87,490,454,3152,KNOX CITY CENTRE,VIC,PO Boxes,FERNTREE GULLY DC,315,V1,28,FERNTREE GULLY,Delivery Area,-0.07347,21.69,1291146.25,0.0595
3153,141,3,117,3,118,1,95,1,134,1,605,39.34,383,359,3153,BAYSWATER,VIC,,BAYSWATER DC,315,V1,28,FERNTREE GULLY,Delivery Area,-0.06266,15.38,884203.55,0.0575
3154,23,0,20,0,19,0,15,0,22,0,99,17.28,432,404,3154,THE BASIN,VIC,,BAYSWATER DC,315,V1,28,FERNTREE GULLY,Delivery Area,-0.06481,5.73,3397672.01,0.593
3155,96,6,124,4,96,5,86,1,97,3,499,43.62,389,364,3155,BORONIA,VIC,,BAYSWATER DC,315,V1,28,FERNTREE GULLY,Delivery Area,-0.06427,11.44,2836845.25,0.248
3156,214,0,256,5,165,3,190,2,206,6,1031,27.96,445,417,3156,FERNTREE GULLY,VIC,,FERNTREE GULLY DC,315,V1,28,FERNTREE GULLY,Delivery Area,-0.06292,36.88,12765180,0.3461
3158,27,0,33,0,29,2,20,0,29,0,138,19.77,405,392,3158,UPWEY,VIC,,BELGRAVE DC,315,V1,28,FERNTREE GULLY,Delivery Area,-0.0321,6.98,5600914.09,0.8024
3160,28,0,48,1,36,1,28,1,38,0,178,8.62,427,404,3160,BELGRAVE,VIC,,BELGRAVE DC,315,V1,28,FERNTREE GULLY,Delivery Area,-0.05386,20.66,13195014.57,0.6387
3161,80,0,84,0,74,2,52,0,68,1,358,85.24,535,508,3161,CAULFIELD JUNCTION,VIC,PO Boxes,BENTLEIGH EAST DC,315,V1,27,MULGRAVE,Delivery Area,-0.05047,4.2,40125.25,0.0096
3162,81,3,126,1,102,0,106,2,88,5,503,106.12,467,445,3162,CAULFIELD,VIC,,BENTLEIGH EAST DC,315,V1,27,MULGRAVE,Delivery Area,-0.04711,4.74,12600.17,0.0027
3163,117,1,143,2,107,0,86,3,110,2,563,78.09,376,361,3163,BOORAN ROAD PO,VIC,PO Boxes,BENTLEIGH EAST DC,315,V1,27,MULGRAVE,Delivery Area,-0.03989,7.21,27000.4,0.0037
3165,174,1,217,7,180,4,157,4,188,5,916,99.67,428,402,3165,BENTLEIGH EAST,VIC,,BENTLEIGH EAST DC,315,V1,27,MULGRAVE,Delivery Area,-0.06075,9.19,36584.55,0.004
3166,115,1,124,1,101,0,102,4,120,1,562,67.39,423,400,3166,HUGHESDALE,VIC,,MOUNT WAVERLEY MDC,315,V1,27,MULGRAVE,Delivery Area,-0.05437,8.34,0,0
3167,32,1,44,1,28,0,22,1,48,0,174,26.4,461,427,3167,OAKLEIGH SOUTH,VIC,,MOUNT WAVERLEY MDC,315,V1,27,MULGRAVE,Delivery Area,-0.07375,6.59,282019.66,0.0428
3168,89,0,92,2,88,4,93,1,81,0,443,61.19,448,436,3168,CLAYTON,VIC,,MOUNT WAVERLEY MDC,315,V1,27,MULGRAVE,Delivery Area,-0.02679,7.24,30591.58,0.0042
3169,77,1,69,3,58,2,63,2,57,3,324,27.18,479,447,3169,CLARINDA,VIC,,MOUNT WAVERLEY MDC,315,V1,27,MULGRAVE,Delivery Area,-0.06681,11.92,168301.4,0.0141
3170,158,2,157,4,201,1,140,0,126,2,782,70.32,447,416,3170,MULGRAVE,VIC,,MOUNT WAVERLEY MDC,315,V1,27,MULGRAVE,Delivery Area,-0.06935,11.12,9952.36,0.0009
3171,93,0,92,2,60,1,69,1,66,1,380,33.96,464,435,3171,SANDOWN VILLAGE,VIC,PO Boxes,MOUNT WAVERLEY MDC,315,V1,27,MULGRAVE,Delivery Area,-0.0625,11.19,195291.7,0.0175
3172,55,2,46,1,63,0,46,3,54,2,264,21.29,483,444,3172,DINGLEY VILLAGE,VIC,,BRAESIDE DC,315,V1,31,DANDENONG,Delivery Area,-0.08075,12.4,123302.68,0.0099
3173,107,3,308,1,408,0,364,0,305,2,1492,36.65,491,457,3173,KEYSBOROUGH,VIC,,BRAESIDE DC,315,V1,31,DANDENONG,Delivery Area,-0.06925,40.71,45901.92,0.0011
3174,102,5,116,4,113,5,82,5,95,5,508,41.03,418,390,3174,NOBLE PARK,VIC,,MOUNT WAVERLEY MDC,315,V1,27,MULGRAVE,Delivery Area,-0.06699,12.38,54121.86,0.0044
3175,253,4,322,3,303,3,265,5,229,5,1372,22.59,445,416,3175,BANGHOLME,VIC,,DANDENONG DC,315,V1,31,DANDENONG,Delivery Area,-0.06517,60.73,101486.19,0.0017
3177,36,3,48,3,65,1,45,4,69,2,263,52.81,429,407,3177,DOVETON,VIC,,DANDENONG DC,315,V1,31,DANDENONG,Delivery Area,-0.05128,4.98,4788.49,0.001
3178,172,2,197,3,146,4,100,2,108,5,723,35.44,517,482,3178,ROWVILLE,VIC,,FERNTREE GULLY DC,315,V1,28,FERNTREE GULLY,Delivery Area,-0.0677,20.4,595173.45,0.0292
3179,32,4,27,0,23,1,28,1,28,0,138,14.63,458,434,3179,SCORESBY,VIC,,FERNTREE GULLY DC,315,V1,28,FERNTREE GULLY,Delivery Area,-0.0524,9.43,214564.92,0.0228
3180,42,2,40,0,34,2,35,0,46,2,197,36.55,435,406,3180,KNOXFIELD,VIC,,FERNTREE GULLY DC,315,V1,28,FERNTREE GULLY,Delivery Area,-0.06667,5.39,273598.07,0.0508
3181,51,0,74,0,66,3,54,0,57,0,302,102.37,356,343,3181,PRAHRAN,VIC,,RICHMOND DC,316,V1,26,MOORABBIN,Delivery Area,-0.03652,2.95,2411.57,0.0008
3182,42,0,73,0,52,1,41,1,38,1,246,69.3,309,296,3182,ST KILDA,VIC,,ST KILDA DC,316,V1,26,MOORABBIN,Delivery Area,-0.04207,3.55,45900.26,0.0129
3183,28,1,46,2,35,2,27,1,28,0,164,52.9,367,353,3183,BALACLAVA,VIC,,ST KILDA DC,316,V1,26,MOORABBIN,Delivery Area,-0.03815,3.1,79201.14,0.0255
3184,37,0,52,1,53,1,26,0,44,1,212,83.14,317,307,3184,BRIGHTON ROAD,VIC,PO Boxes,ST KILDA DC,316,V1,26,MOORABBIN,Delivery Area,-0.03155,2.55,14400.43,0.0056
3185,62,0,71,1,41,0,53,1,36,0,263,83.49,404,389,3185,ELSTERNWICK,VIC,,ST KILDA DC,316,V1,26,MOORABBIN,Delivery Area,-0.03713,3.15,56700.59,0.018
3186,189,1,256,1,161,4,147,0,193,4,946,115.37,569,548,3186,BRIGHTON,VIC,,BRIGHTON DC,316,V1,26,MOORABBIN,Delivery Area,-0.03691,8.2,155701.36,0.019
3187,107,1,162,1,116,0,92,0,115,1,592,104.41,494,461,3187,BRIGHTON EAST,VIC,,BRIGHTON DC,316,V1,26,MOORABBIN,Delivery Area,-0.0668,5.67,0,0
3188,115,1,179,2,143,2,126,3,139,0,702,128.81,455,425,3188,HAMPTON,VIC,,MOORABBIN DC,315,V1,31,DANDENONG,Delivery Area,-0.06593,5.45,25361.09,0.0047
3189,35,1,49,0,31,0,27,1,31,1,173,37.77,417,393,3189,MOORABBIN,VIC,,MOORABBIN DC,315,V1,31,DANDENONG,Delivery Area,-0.05755,4.58,0,0
3190,68,0,65,4,63,1,71,0,64,1,331,84.01,384,359,3190,HIGHETT,VIC,,MOORABBIN DC,315,V1,31,DANDENONG,Delivery Area,-0.0651,3.94,0,0
3191,70,0,92,3,54,0,72,0,72,1,360,101.69,484,447,3191,SANDRINGHAM,VIC,,MOORABBIN DC,315,V1,31,DANDENONG,Delivery Area,-0.07645,3.54,33637.82,0.0095
3192,98,1,130,0,93,1,95,0,109,1,525,51.88,395,372,3192,CHELTENHAM,VIC,,MOORABBIN DC,315,V1,31,DANDENONG,Delivery Area,-0.05823,10.12,133511.12,0.0132
3193,156,5,155,1,151,2,142,1,172,0,776,87.49,503,457,3193,BEAUMARIS,VIC,,MOORABBIN DC,315,V1,31,DANDENONG,Delivery Area,-0.09145,8.87,291679.45,0.0329
3194,58,2,85,1,63,0,55,0,61,3,322,42.76,378,348,3194,MENTONE,VIC,,BRAESIDE DC,315,V1,31,DANDENONG,Delivery Area,-0.07937,7.53,0,0
3195,248,4,271,2,199,2,194,2,186,3,1098,44.87,425,400,3195,ASPENDALE,VIC,,BRAESIDE DC,315,V1,31,DANDENONG,Delivery Area,-0.05882,24.47,459902.93,0.0188
3196,240,2,174,1,140,3,107,2,140,0,801,74.79,376,348,3196,BONBEACH,VIC,,BRAESIDE DC,315,V1,31,DANDENONG,Delivery Area,-0.07447,10.71,0,0
3197,67,2,90,1,59,1,71,0,52,0,339,58.55,409,382,3197,CARRUM,VIC,,SEAFORD DC,316,V1,32,FRANKSTON,Delivery Area,-0.06601,5.79,0,0
3198,85,5,109,2,92,3,91,3,77,3,454,37.12,395,367,3198,BELVEDERE PARK,VIC,PO Boxes,SEAFORD DC,316,V1,32,FRANKSTON,Delivery Area,-0.07089,12.23,278365.31,0.0228
3199,228,3,350,4,254,7,216,4,236,7,1284,36.03,435,399,3199,FRANKSTON,VIC,,SEAFORD DC,316,V1,32,FRANKSTON,Delivery Area,-0.08276,35.64,1899041.58,0.0533
3200,11,2,22,3,14,3,11,1,13,0,71,30.21,425,393,3200,FRANKSTON NORTH,VIC,,SEAFORD DC,316,V1,32,FRANKSTON,Delivery Area,-0.07529,2.35,465.58,0.0002
3201,193,2,280,5,149,2,242,0,158,6,1022,53.48,442,414,3201,CARRUM DOWNS,VIC,,SEAFORD DC,316,V1,32,FRANKSTON,Delivery Area,-0.06335,19.11,430705.86,0.0225
3204,187,3,244,2,220,2,152,1,203,6,1006,122.53,428,404,3204,BENTLEIGH,VIC,,MOORABBIN DC,315,V1,31,DANDENONG,Delivery Area,-0.05607,8.21,0,0
3205,33,1,37,0,26,1,40,2,39,1,175,69.72,336,327,3205,SOUTH MELBOURNE,VIC,,SOUTH MELBOURNE DC,316,V1,26,MOORABBIN,Delivery Area,-0.02679,2.51,6627.1,0.0026
3206,36,0,46,0,34,0,35,0,29,0,180,41.57,380,364,3206,ALBERT PARK,VIC,,SOUTH MELBOURNE DC,316,V1,26,MOORABBIN,Delivery Area,-0.04211,4.33,232136.24,0.0536
3207,58,1,71,0,53,4,49,4,50,0,281,29.12,335,315,3207,GARDEN CITY,VIC,PO Boxes,SOUTH MELBOURNE DC,316,V1,26,MOORABBIN,Delivery Area,-0.0597,9.65,26100.15,0.0027
3752,627,0,605,0,318,1,191,0,144,0,1885,153,484,452,3752,MORANG SOUTH,VIC,PO Boxes,MORANG SOUTH LPO,316,V1,29,RINGWOOD,Delivery Area,-0.06612,12.32,417575.9,0.0339
3754,1639,0,1661,0,1884,1,1376,0,1054,0,7614,99.35,415,398,3754,DOREEN,VIC,,DOREEN LPO,314,V1,24,MELB NORTH WEST,Delivery Area,-0.04096,76.64,2719426.84,0.0355
3756,256,4,385,1,303,2,307,1,239,0,1490,6.32,494,478,3756,CHINTIN,VIC,,WALLAN LPO,314,V1,24,MELB NORTH WEST,Delivery Area,-0.03239,235.84,28236977.83,0.1197
3757,325,0,250,0,215,1,128,1,119,0,1037,3.4,444,417,3757,EDEN PARK,VIC,,WHITTLESEA LPO,314,V1,24,MELB NORTH WEST,Delivery Area,-0.06081,305.01,155300000,0.5092
3765,41,0,35,0,37,0,31,1,45,2,189,17.44,459,430,3765,MONTROSE,VIC,,MOOROOLBARK DC,316,V1,29,RINGWOOD,Delivery Area,-0.06318,10.84,7542099.62,0.6958
3777,171,1,143,0,103,3,86,0,72,3,575,1.18,402,403,3777,BADGER CREEK,VIC,,HEALESVILLE,316,V1,29,RINGWOOD,Delivery Area,0.00249,486.44,384700000,0.7908
3781,17,0,35,0,29,0,24,0,36,2,141,2.49,443,416,3781,COCKATOO,VIC,,COCKATOO LPO,315,V1,28,FERNTREE GULLY,Delivery Area,-0.06095,56.71,23256874.28,0.4101
3782,55,2,66,0,51,0,57,1,43,1,272,4.06,453,432,3782,AVONSLEIGH,VIC,,BELGRAVE DC,315,V1,28,FERNTREE GULLY,Delivery Area,-0.04636,66.96,31747278.87,0.4741
3793,23,0,24,0,28,0,16,1,17,0,108,4.13,443,396,3793,MONBULK,VIC,,BELGRAVE DC,315,V1,28,FERNTREE GULLY,Delivery Area,-0.10609,26.12,11303682.17,0.4328
3796,59,2,62,0,63,1,65,1,40,1,289,18.5,453,426,3796,MOUNT EVELYN,VIC,,MOOROOLBARK DC,316,V1,29,RINGWOOD,Delivery Area,-0.0596,15.62,8617574.96,0.5517
3799,36,1,35,1,38,1,25,1,35,0,169,0.14,363,367,3799,BIG PATS CREEK,VIC,,WARBURTON,316,V1,29,RINGWOOD,Delivery Area,0.01102,1210.52,1188000000,0.9814
3802,100,4,73,1,51,2,49,0,53,4,326,20.75,518,476,3802,ENDEAVOUR HILLS,VIC,,DANDENONG DC,315,V1,31,DANDENONG,Delivery Area,-0.08108,15.71,1973969.1,0.1257
3803,39,1,45,2,57,3,43,1,43,0,227,27.48,476,439,3803,HALLAM,VIC,,NARRE WARREN DC,315,V1,31,DANDENONG,Delivery Area,-0.07773,8.26,0,0
3804,102,0,122,2,95,1,105,1,104,1,528,13.42,607,565,3804,NARRE WARREN EAST,VIC,,NARRE WARREN DC,315,V1,31,DANDENONG,Delivery Area,-0.06919,39.33,7583764.87,0.1928
3805,319,4,284,2,270,5,216,2,255,3,1344,49.81,494,463,3805,FOUNTAIN GATE,VIC,PO Boxes,NARRE WARREN DC,315,V1,31,DANDENONG,Delivery Area,-0.06275,26.98,0,0
3806,605,2,465,3,285,5,232,3,291,2,1878,44.98,468,436,3806,BERWICK,VIC,,NARRE WARREN DC,315,V1,31,DANDENONG,Delivery Area,-0.06838,41.75,3284011.55,0.0787
3807,88,0,114,0,89,3,67,1,65,0,423,37.8,509,475,3807,BEACONSFIELD,VIC,,NARRE WARREN DC,315,V1,31,DANDENONG,Delivery Area,-0.0668,11.19,2253086.87,0.2013
3810,1300,2,1385,4,1274,1,848,3,704,3,5511,35.49,413,395,3810,PAKENHAM,VIC,,PAKENHAM DC,316,V1,32,FRANKSTON,Delivery Area,-0.04358,155.27,24132770.04,0.1554
3910,213,2,244,2,164,1,225,3,198,1,1044,31.89,486,451,3910,LANGWARRIN,VIC,,CRANBOURNE DC,316,V1,32,FRANKSTON,Delivery Area,-0.07202,32.74,4365525.99,0.1333
3911,26,0,22,0,19,0,17,0,30,0,114,9.49,522,468,3911,BAXTER,VIC,,BAXTER DELIVERY ANNEXE,316,V1,32,FRANKSTON,Delivery Area,-0.10345,12.01,996748.67,0.083
3912,145,1,132,2,146,1,119,2,110,1,652,8.5,507,464,3912,PEARCEDALE,VIC,,SOMERVILLE DC,316,V1,32,FRANKSTON,Delivery Area,-0.08481,76.73,2850309.09,0.0371
3913,39,1,57,0,29,1,36,0,44,0,205,11.7,501,460,3913,TYABB,VIC,,TYABB DELIVERY ANNEXE,316,V1,32,FRANKSTON,Delivery Area,-0.08184,17.52,864977.89,0.0494
3915,144,4,145,10,101,4,97,1,52,3,539,12.75,412,381,3915,HASTINGS,VIC,,HASTINGS DC,316,V1,32,FRANKSTON,Delivery Area,-0.07524,42.29,3079876.7,0.0728
3918,50,0,72,0,46,0,48,1,50,1,266,24.98,483,439,3918,BITTERN,VIC,,BITTERN LPO,316,V1,32,FRANKSTON,Delivery Area,-0.0911,10.65,971374.83,0.0912
3919,24,1,42,2,32,1,39,0,26,0,163,25.43,433,397,3919,CRIB POINT,VIC,,CRIB POINT LPO,316,V1,32,FRANKSTON,Delivery Area,-0.08314,6.41,333830.31,0.0521
3926,66,0,66,0,70,0,59,0,51,0,312,4.62,362,331,3926,BALNARRING,VIC,,BALNARRING LPO,316,V1,32,FRANKSTON,Delivery Area,-0.08564,67.57,5798602.79,0.0858
3927,32,0,40,1,40,0,25,1,22,0,159,26.32,325,301,3927,SOMERS,VIC,,SOMERS LPO,316,V1,32,FRANKSTON,Delivery Area,-0.07385,6.04,323059.04,0.0535
3930,139,4,198,3,179,5,150,1,148,0,814,36.27,624,549,3930,KUNYUNG,VIC,PO Boxes,MORNINGTON DC,316,V1,32,FRANKSTON,Delivery Area,-0.12019,22.44,725562.15,0.0323
3931,235,4,265,3,207,4,167,3,183,2,1057,41.08,421,385,3931,MORNINGTON,VIC,,MORNINGTON DC,316,V1,32,FRANKSTON,Delivery Area,-0.08551,25.73,559022.52,0.0217
3934,289,2,388,1,281,2,193,0,213,2,1364,24.87,480,440,3934,MOUNT MARTHA,VIC,,MORNINGTON DC,316,V1,32,FRANKSTON,Delivery Area,-0.08333,54.85,6716856.05,0.1225
3936,100,3,179,1,225,1,189,1,211,2,904,66.28,316,290,3936,ARTHURS SEAT,VIC,,ROSEBUD DC,316,V1,32,FRANKSTON,Delivery Area,-0.08228,13.64,2528942.2,0.1854
3938,35,1,53,0,57,0,41,1,47,1,233,63.32,348,318,3938,MCCRAE,VIC,,ROSEBUD DC,316,V1,32,FRANKSTON,Delivery Area,-0.08621,3.68,2504847.1,0.6807
3939,261,3,268,2,231,1,194,3,180,1,1134,11.7,335,312,3939,BONEO,VIC,,ROSEBUD DC,316,V1,32,FRANKSTON,Delivery Area,-0.06866,96.95,30653107.17,0.3162
3940,29,0,33,0,85,0,28,1,29,0,204,14.29,293,269,3940,ROSEBUD WEST,VIC,,ROSEBUD DC,316,V1,32,FRANKSTON,Delivery Area,-0.08191,14.28,2921752.93,0.2046
3941,164,1,251,1,220,0,160,0,186,0,981,46.74,283,260,3941,RYE,VIC,,ROSEBUD DC,316,V1,32,FRANKSTON,Delivery Area,-0.08127,20.99,2374853.04,0.1131
3942,51,0,103,0,76,0,75,0,91,0,396,63.16,255,234,3942,BLAIRGOWRIE,VIC,,ROSEBUD DC,316,V1,32,FRANKSTON,Delivery Area,-0.08235,6.27,211466.72,0.0337
3943,68,0,131,1,101,0,72,0,67,0,439,62.62,322,292,3943,SORRENTO,VIC,,ROSEBUD DC,316,V1,32,FRANKSTON,Delivery Area,-0.09317,7.01,730953.61,0.1043
3944,36,0,53,0,57,0,50,0,54,0,250,22.1,449,403,3944,PORTSEA,VIC,,ROSEBUD DC,316,V1,32,FRANKSTON,Delivery Area,-0.10245,11.31,6634180.06,0.5866
3975,669,1,390,0,138,0,224,0,114,1,1535,232.22,456,420,3975,LYNBROOK,VIC,,CRANBOURNE DC,316,V1,32,FRANKSTON,Delivery Area,-0.07895,6.61,0,0
3976,96,1,70,2,108,3,91,2,98,4,463,34.68,481,453,3976,HAMPTON PARK,VIC,,CRANBOURNE DC,316,V1,32,FRANKSTON,Delivery Area,-0.05821,13.35,0,0
3977,1501,5,2474,4,1695,6,1503,5,1555,5,8728,70.44,444,414,3977,BOTANIC RIDGE,VIC,,CRANBOURNE DC,316,V1,32,FRANKSTON,Delivery Area,-0.06757,123.9,2346957.17,0.0189
3980,43,0,28,1,35,0,31,0,24,0,161,3.07,452,408,3980,BLIND BIGHT,VIC,,TOORADIN LPO,316,V1,32,FRANKSTON,Delivery Area,-0.09735,52.51,5904175,0.1124
